IP 地址,已发送,已接收,丢包率,平均延迟,下载速度 (MB/s)
2606:4700::591f:fc5e:5ac8:f7e,4,4,0.00,179.58,30.50
2606:4700::37:cc2c:4ee4:caa6,4,4,0.00,182.71,30.15
2606:4700::59f7:48f4:1876:63c7,4,4,0.00,173.27,29.19
2606:4700::591c:650e:88c8:6977,4,4,0.00,182.82,27.73
2606:4700:0:adaa:da9:a640:5216:bbf5,4,4,0.00,182.54,26.57
2606:4700::591c:650e:8836:9b26,4,4,0.00,183.43,26.54
2606:4700:0:adaa:7195:1ced:7c83:b798,4,4,0.00,180.62,26.20
2606:4700::59f7:48f4:188d:16d5,4,4,0.00,181.41,26.01
2606:4700::591c:7183:bceb:f6c0,4,4,0.00,182.58,25.98
2606:4700:0:adaa:da9:a6ec:e826:4364,4,4,0.00,183.49,25.65
